Id,Predicted
1,0.23198374130846347
2,0.23198374130846347
3,0.5835209238137683
4,0.5867812130085769
5,0.23198374130846347
6,0.23198374130846347
7,0.39544948823241954
8,0.28180623376487224
9,0.23198374130846347
10,0.23198374130846347
11,0.23198374130846347
12,0.23198374130846347
13,0.5791427467759398
14,0.23198374130846347
15,0.23198374130846347
16,0.9912922297336544
17,0.3942843248717108
18,0.23198374130846347
19,0.23198374130846347
20,0.5836952772154472
21,0.23198374130846347
22,0.5682950546053097
23,0.23198374130846347
24,0.23198374130846347
25,0.9186457092760636
26,0.23198374130846347
27,0.28103281421630677
28,0.23198374130846347
29,0.23198374130846347
30,0.23198374130846347
31,0.23198374130846347
32,1.0
33,0.23198374130846347
34,0.23198374130846347
35,0.38830125688921996
36,0.9952292349678217
37,0.9999815308854245
38,0.5866091572078062
39,0.9363020518693091
40,0.9341670847678698
41,0.23198374130846347
42,0.5836952772154472
43,0.5178760813135808
44,0.3849826999362929
45,0.23198374130846347
46,0.23198374130846347
47,0.7042290131248911
48,0.23198374130846347
49,0.9989025339822086
50,0.9999967800382399
51,0.23198374130846347
52,0.9999662566859462
53,0.23198374130846347
54,0.9998829879626244
55,0.9999991828701058
56,0.3922438402007681
57,0.23198374130846347
58,0.23198374130846347
59,0.23198374130846347
60,0.39612802385743073
61,0.23198374130846347
62,0.23198374130846347
63,0.3958630855862623
64,0.46097709851203905
65,0.9999997848245744
66,0.7029362936306219
67,0.23198374130846347
68,0.23198374130846347
69,0.583172015391288
70,0.23198374130846347
71,0.45490823719017837
72,0.23198374130846347
73,0.23198374130846347
74,0.9684562061234765
75,0.23198374130846347
76,0.5872374523513212
77,0.23198374130846347
78,0.3959831563373658
79,0.7596311076852664
80,0.23198374130846347
81,0.23198374130846347
82,0.23198374130846347
83,0.960099412390915
84,0.99999999563764
85,0.23198374130846347
86,0.9998625250883452
87,0.23198374130846347
88,0.9999960565158266
89,0.23198374130846347
90,0.5404413305071581
91,0.23198374130846347
92,0.9999999974021752
93,0.23198374130846347
94,0.9933528153270503
95,0.7696181031736494
96,0.23198374130846347
97,1.0
98,0.9996655472596542
99,0.23198374130846347
100,0.7084522461640445
101,0.7621094018881108
102,0.9500698416781541
103,0.9608685172778466
104,0.3291057797292765
105,0.3924476139594464
106,0.3925608377971548
107,0.23198374130846347
108,0.23198374130846347
109,0.5908872418706675
110,0.5832538149204397
111,0.23198374130846347
112,0.23198374130846347
113,0.9892255228517989
114,0.5827448735418675
115,0.23198374130846347
116,0.23198374130846347
117,0.23198374130846347
118,0.23198374130846347
119,0.23198374130846347
120,0.9999999887616321
121,0.999999637692772
122,0.587867078747326
123,0.6486082039267924
124,0.38597579481973054
125,0.3908184783715278
126,0.33417737868873487
127,0.980916029558821
128,0.23198374130846347
129,0.23198374130846347
130,0.23198374130846347
131,0.5198258915617003
132,0.9279844342459249
133,0.23198374130846347
134,0.9999999999999885
135,0.8672252098577944
136,0.5197912327741628
137,0.7328392461061014
138,0.23198374130846347
139,0.23198374130846347
140,0.3964667100466988
141,0.23198374130846347
142,0.3935312345377504
143,0.23198374130846347
144,0.5501267250393869
145,0.9999990909602058
146,0.3943415796806582
147,0.23198374130846347
148,0.6943153015675586
149,0.23198374130846347
150,0.23198374130846347
151,0.9993374008602766
152,0.23198374130846347
153,0.23198374130846347
154,0.23198374130846347
155,0.8728844008347469
156,0.999999999999956
157,0.23198374130846347
158,0.23198374130846347
159,0.23198374130846347
160,0.5239448633982635
161,0.45979287323581
162,0.23198374130846347
163,0.9998631615746036
164,0.8691157191395381
165,0.23198374130846347
166,0.9999999998222071
167,0.23198374130846347
168,0.23198374130846347
169,0.586212975458349
170,0.9999999999570635
171,0.991294833121938
172,0.7455236638765613
173,0.23198374130846347
174,0.5225196094070322
175,0.3042861803012884
176,0.9910904039281401
177,0.8914044492320831
178,0.584575631402311
179,0.23198374130846347
180,0.3343450237296018
181,1.0
182,0.9999950892321056
183,0.33477723124858033
184,0.8369111360631928
185,0.23198374130846347
186,0.8720231064498235
187,0.33202080212424967
188,0.23198374130846347
189,0.23198374130846347
190,0.23198374130846347
191,0.3962212443640765
192,1.0
193,0.9612808284261025
194,0.23198374130846347
195,0.9486403606763733
196,1.0
197,0.3958246557373034
198,0.23198374130846347
199,0.23198374130846347
200,0.23198374130846347
201,0.23198374130846347
202,0.9942214363585945
203,0.23198374130846347
204,0.9506630407400294
205,0.23198374130846347
206,0.8372022640388022
207,0.8338734998768038
208,0.23198374130846347
209,0.8693087461350605
210,0.9960446370393847
211,0.926638685240014
212,0.2822679030607477
213,0.9985576491684945
214,0.5755349401569311
215,0.33691044131721426
216,0.7037671093719605
217,0.6980164191306789
218,0.9985975231868971
219,0.23198374130846347
220,0.9965653370324022
221,0.28002415531379055
222,0.23198374130846347
223,0.9999239221829134
224,0.8396669917673093
225,0.9602630818540571
226,0.23198374130846347
227,0.23198374130846347
228,0.23198374130846347
229,0.7548996099242362
230,0.5882987470182041
231,0.9992048473108365
232,0.23198374130846347
233,0.9095667535793334
234,0.3964181448136666
235,0.23198374130846347
236,0.6091505086071527
237,0.999999987215327
238,0.999999983396372
239,0.23198374130846347
240,0.38874855276716247
241,0.9999997760656296
242,0.23198374130846347
243,0.23198374130846347
244,0.23198374130846347
245,0.23198374130846347
246,0.9999822055381284
247,0.5852910446768914
248,0.23198374130846347
249,0.868868168285911
250,0.5859736071531705
251,0.23198374130846347
252,0.9998940020810082
253,0.9999999999026505
254,0.9670990253464785
255,0.23198374130846347
256,0.2511500839361995
257,0.23198374130846347
258,1.0
259,0.23198374130846347
260,0.23198374130846347
261,0.5886754728583895
262,0.9998124501534356
263,0.33373624743221547
264,0.23198374130846347
265,0.9611079386090433
266,0.23198374130846347
267,0.3955506704365944
268,0.23198374130846347
269,0.9697249333251327
270,0.993245400119379
271,0.9996131315190994
272,0.8033654374602464
273,0.9985858508426062
274,0.23198374130846347
275,0.23198374130846347
276,0.23198374130846347
277,0.23198374130846347
278,0.9915621194023723
279,0.7508851560688599
280,0.8908435129707716
281,0.9556228868698792
282,0.9999999877405438
283,0.9813465396600471
284,0.9999999999988798
285,0.3892744280842145
286,0.23198374130846347
287,0.23198374130846347
288,0.23198374130846347
289,1.0
290,0.33379734074908357
291,0.9991325253944007
292,0.28039897724369495
293,0.3310694488816205
294,1.0
295,0.33827036678683853
296,0.3411303818089036
297,0.9999999999116214
298,0.9136388662862462
299,0.23198374130846347
300,0.2809094347953472
301,0.39631208925190087
302,0.23198374130846347
303,0.23198374130846347
304,0.23198374130846347
305,0.23198374130846347
306,0.23198374130846347
307,1.0
308,0.6645614293859068
309,0.9999999255211054
310,0.23198374130846347
311,0.23198374130846347
312,0.5205369959312103
313,0.23198374130846347
314,0.5011523658309699
315,0.9696314348940239
316,0.5861348150745052
317,0.9296956829222255
318,0.9999992576989708
319,0.9999379217954527
320,0.39349947878949143
321,0.9181525711948774
322,0.3953611368021855
323,0.23198374130846347
324,0.23198374130846347
325,0.23198374130846347
326,0.23198374130846347
327,0.7548996099242362
328,0.23198374130846347
329,0.9999999987184605
330,0.9991600577735757
331,0.23198374130846347
332,0.23198374130846347
333,0.23198374130846347
334,0.23198374130846347
335,0.45774154680137613
336,0.23198374130846347
337,0.7860003152823842
338,0.6503820932976124
339,1.0
340,0.25261198672567126
341,0.3974678883991775
342,0.3928341842947533
343,0.999985717701594
344,0.39103764422540693
345,0.39529017971990676
346,0.23198374130846347
347,0.23198374130846347
348,0.23198374130846347
349,0.23198374130846347
350,0.9885612861035736
351,0.23198374130846347
352,0.5227528108912938
353,0.23198374130846347
354,0.8339447161149157
355,0.999999978583408
356,0.23198374130846347
357,0.9999975514338179
358,0.9999999729648202
359,0.23198374130846347
360,0.23198374130846347
361,0.23198374130846347
362,0.9667048176167693
363,0.23198374130846347
364,0.23198374130846347
365,0.9996297193452942
366,0.4449177122669595
367,0.23198374130846347
368,0.7884631545048445
369,0.3599034130255853
370,0.23198374130846347
371,0.9999486323223441
372,0.3340724237333291
373,1.0
374,0.999999964724677
375,0.23198374130846347
376,0.9999704218631639
377,0.9999999999985809
378,0.9185218743269871
379,0.23198374130846347
380,0.6494675710532667
381,0.23198374130846347
382,0.9357539553786858
383,0.9741980949850132
384,0.9999999988518873
385,0.3061767129690103
386,0.7563810453688891
387,0.8956877986113891
388,0.9999999997923752
389,0.23198374130846347
390,0.6981820806617876
391,0.5194129551991555
392,0.3955975305923842
393,0.3372845572005896
394,0.5883021046498426
395,0.23198374130846347
396,1.0
397,0.9976425586308223
398,0.9999999999999631
399,0.958232373206827
400,0.23198374130846347
401,0.23198374130846347
402,0.9872078936651779
403,0.23198374130846347
404,0.23198374130846347
405,0.23198374130846347
406,0.3818190642752726
407,0.33249468051971515
408,0.9522863506548019
409,0.23198374130846347
410,0.2529177408397777
411,0.6914846882362607
412,0.39600203874388207
413,0.8995545803443548
414,0.23198374130846347
415,0.23198374130846347
416,0.9991567474752262
417,0.23198374130846347
418,0.23198374130846347
419,0.23198374130846347
420,0.9999855375453417
421,0.23198374130846347
422,0.9994968407857892
423,0.7993402299306552
424,0.23198374130846347
425,0.23198374130846347
426,0.3884559606336763
427,0.395856797447603
428,0.23198374130846347
429,1.0
430,0.3924860660420358
431,0.33758184889909343
432,0.9360496963006502
433,0.23198374130846347
434,0.9999995859211939
435,0.23198374130846347
436,0.9811189224527921
437,0.23198374130846347
438,0.7038205120161013
439,0.9883772621506626
440,0.23198374130846347
441,0.23198374130846347
442,0.23198374130846347
443,0.23198374130846347
444,0.7671599302797792
445,0.23198374130846347
446,0.23198374130846347
447,0.23198374130846347
448,0.23198374130846347
449,0.23198374130846347
450,0.23198374130846347
451,0.23198374130846347
452,0.6464483200565497
453,0.23198374130846347
454,0.9923318550254814
455,0.3956154340580254
456,0.802007960480515
457,0.9671546531719187
458,0.23198374130846347
459,0.23198374130846347
460,0.2810267968818214
461,0.23198374130846347
462,0.33491692273546103
463,0.9999887475775816
464,0.9723020006867791
465,0.23198374130846347
466,0.2819892221856367
467,0.9565995243740331
468,0.5883250278531751
469,0.23198374130846347
470,0.5504838992765385
471,0.23198374130846347
472,0.23198374130846347
473,0.23198374130846347
474,0.23198374130846347
475,0.5871131286845219
476,0.9182323048698816
477,0.23198374130846347
478,0.23198374130846347
479,0.2821732934195798
480,0.5223543215714567
481,0.23198374130846347
482,0.28148280655597324
483,0.23198374130846347
484,0.9999999999993612
485,0.23198374130846347
486,0.9999503272830305
487,0.9911474081604028
488,0.28159619026060806
489,0.9994916557204258
490,0.23198374130846347
491,0.23198374130846347
492,0.23198374130846347
493,0.23198374130846347
494,0.23198374130846347
495,0.23198374130846347
496,0.23198374130846347
497,0.5399025990193139
498,0.23198374130846347
499,0.999993906587257
500,0.776076779527907
501,0.23198374130846347
502,0.23198374130846347
503,0.23198374130846347
504,0.23198374130846347
505,0.5804514622686778
506,0.9999656264494227
507,0.33493334101637
508,0.23198374130846347
509,0.23198374130846347
510,0.23198374130846347
511,0.23198374130846347
512,0.23198374130846347
513,0.23198374130846347
514,0.23198374130846347
515,0.23198374130846347
516,0.39605479389511244
517,0.23198374130846347
518,0.23198374130846347
519,0.23198374130846347
520,0.23198374130846347
521,0.9999999999999898
522,0.23198374130846347
523,0.2781983853803993
524,0.5615862103286582
525,0.3947123504306817
526,0.23198374130846347
527,0.994851953648324
528,0.9693738239856167
529,0.4126620836926932
530,0.5697928689201573
531,0.23198374130846347
532,0.39625290471811225
533,0.23198374130846347
534,0.23198374130846347
535,0.9933662041629197
536,0.23198374130846347
537,0.9999995381718706
538,0.23198374130846347
539,0.23198374130846347
540,0.8801596389856663
541,0.23198374130846347
542,0.23198374130846347
543,0.9999999998228697
544,0.9696585938303499
545,0.9999994048737963
546,0.9359946166027995
547,0.23198374130846347
548,0.9999704364964697
549,0.23198374130846347
550,0.9999709892008156
551,0.3950300651317725
552,0.9999936159246525
553,0.23198374130846347
554,0.23198374130846347
555,0.99999990467039
556,0.2758209120923714
557,0.9688693280838293
558,0.3110618185854316
559,0.23198374130846347
560,0.23198374130846347
561,0.7844746675206489
562,0.23198374130846347
563,0.6938297922377135
564,0.9722359249710966
565,0.23198374130846347
566,0.23198374130846347
567,0.23198374130846347
568,0.39524946334036465
569,0.7566258821710303
570,0.39581524245046545
571,0.23198374130846347
572,0.7004288847579195
573,0.23198374130846347
574,1.0
575,0.23198374130846347
576,0.5267623581426023
577,0.3942605755802216
578,0.9999124976164102
579,0.23198374130846347
580,0.5834287854501174
581,0.23198374130846347
582,0.23198374130846347
583,0.23198374130846347
584,0.3335836939489376
585,0.9811080108577038
586,0.7552241353914738
587,0.9803185522627705
588,0.23198374130846347
589,0.9896536474177703
590,0.6485856101751277
591,0.23198374130846347
592,0.5216903752224284
593,0.3944970777488079
594,0.23198374130846347
595,0.46010784799344184
596,0.23198374130846347
597,0.6477855053510266
598,0.23198374130846347
599,0.3943745528617473
600,0.23198374130846347
601,0.9987539013750125
602,0.23198374130846347
603,0.23198374130846347
604,0.39549387281993503
605,0.391524085490311
606,0.23198374130846347
607,0.23198374130846347
608,0.23198374130846347
609,0.7537765251381684
610,0.23198374130846347
611,0.23198374130846347
612,0.9998422394646385
613,0.23198374130846347
614,0.988602596848856
615,0.9999257508753546
616,0.4497580566400883
617,0.23198374130846347
618,0.23198374130846347
619,0.23198374130846347
620,0.23198374130846347
621,1.0
622,0.9607351938757746
623,0.4548611544080293
624,0.3949757250191001
625,0.23198374130846347
626,0.23198374130846347
627,0.23198374130846347
628,0.33098495078995993
629,0.23198374130846347
630,0.23198374130846347
631,0.9672221214621554
632,0.23198374130846347
633,0.7522283113658661
634,0.9999989905237373
635,0.8773356476515249
636,0.2800070619892285
637,0.23198374130846347
638,0.9766877065147961
639,0.3956669886364092
640,0.4042486522974625
641,0.9890189243323494
642,0.7993198267474018
643,0.23198374130846347
644,0.9988521652398604
645,0.9635289945200289
646,0.9999999999999853
647,0.23198374130846347
648,0.7547314947858789
649,0.23198374130846347
650,0.3353405218687083
651,0.9999869502527102
652,0.7328301463002049
653,0.648196616930251
654,0.23198374130846347
655,0.9999992014107235
656,0.23198374130846347
657,0.3930157055510393
658,0.9198471494780448
659,0.9999992879145473
660,1.0
661,0.9582661278696197
662,0.3950141660599716
663,0.39483445287545615
664,0.39519360896616906
665,0.23198374130846347
666,0.9999998727882351
667,0.9487087645615268
668,0.23198374130846347
669,0.9980331352493959
670,0.23198374130846347
671,0.9180112418265395
672,0.3952100581021097
673,0.23198374130846347
674,0.3945066626056651
675,0.3938327259123311
676,0.23198374130846347
677,0.9916674510478758
678,0.23198374130846347
679,0.2991441224288738
680,0.6506209301425242
681,0.3394394247456235
682,0.23198374130846347
683,0.3960196626030401
684,0.23198374130846347
685,0.23198374130846347
686,0.4618951486745872
687,0.23198374130846347
688,0.23198374130846347
689,0.23198374130846347
690,0.9999919826672334
691,0.3961212059013677
692,0.976233059311278
693,0.9999999979863252
694,0.23198374130846347
695,0.23198374130846347
696,0.5264434557481454
697,0.9998837118761369
698,0.23198374130846347
699,0.9886507788782875
700,0.5860931956900031
701,0.23198374130846347
702,0.35404846668974854
703,0.9991024122565141
704,0.23198374130846347
705,0.23198374130846347
706,0.23198374130846347
707,0.23198374130846347
708,0.664438010421761
709,0.49119747858395163
710,0.999978010444782
711,0.23198374130846347
712,0.23198374130846347
713,0.8975215969950014
714,0.23198374130846347
715,0.9999999992234292
716,0.23198374130846347
717,0.5874482175223161
718,0.9986431368423786
719,0.7516901177721421
720,0.857227504688277
721,0.25277721711950435
722,0.23198374130846347
723,0.23198374130846347
724,0.23198374130846347
725,0.7020838584720078
726,0.3950352910075812
727,0.23198374130846347
728,0.23198374130846347
729,0.394820945701812
730,0.23198374130846347
731,0.23198374130846347
732,0.9999512138106538
733,0.9695613935400995
734,0.9999826415424194
735,0.23198374130846347
736,0.23198374130846347
737,0.39266795206094934
738,0.9999938342386264
739,0.23198374130846347
740,0.28114367388867223
741,0.9988720838699959
742,0.2809370932030004
743,0.9179711075716978
744,0.23198374130846347
745,0.23198374130846347
746,0.9811613766670846
747,0.9999999877521383
748,0.23198374130846347
749,0.9934885302496257
750,0.976564795138741
751,0.23198374130846347
752,0.9933564199346256
753,0.23198374130846347
754,0.23198374130846347
755,0.5838886591720029
756,0.23198374130846347
757,1.0
758,0.23198374130846347
759,0.5848242224722567
760,0.7801041911328782
761,0.23198374130846347
762,0.9852084124425168
763,0.23198374130846347
764,0.39606812960806453
765,0.23198374130846347
766,0.3332717959571807
767,0.9913754174733619
768,0.23198374130846347
769,0.23198374130846347
770,0.23198374130846347
771,0.23198374130846347
772,0.45995237124920185
773,0.999999976438744
774,0.27474046511412503
775,0.23198374130846347
776,1.0
777,0.23198374130846347
778,0.3941603354566204
779,0.9990037879932464
780,0.988839980377156
781,0.23198374130846347
782,0.9999999999999907
783,0.23198374130846347
784,0.9999369435903064
785,0.23198374130846347
786,0.23198374130846347
787,0.9999896639153917
788,0.23198374130846347
789,0.3955301157288096
790,0.5251115329806078
791,0.5188122901602727
792,0.9999977824515
793,0.3958966136187655
794,0.23198374130846347
795,0.23198374130846347
796,0.23198374130846347
797,0.9999999597709822
798,0.9999866859789643
799,0.23198374130846347
800,0.9494603573353657
801,0.9573644440748935
802,0.23198374130846347
803,0.23198374130846347
804,0.5848766801720283
805,0.23198374130846347
806,0.23198374130846347
807,0.39570518513481223
808,0.8218127848003638
809,0.2735060929712013
810,0.9225989128231996
811,0.23198374130846347
812,0.3935312345377504
813,0.23198374130846347
814,0.23198374130846347
815,0.23198374130846347
816,0.9999868797259486
817,0.23198374130846347
818,0.5803421049521522
819,0.23198374130846347
820,0.9999999300722953
821,0.9969550335722527
822,0.40651882465964645
823,0.9999999966396069
824,0.28115888311002474
825,0.23198374130846347
826,0.8623904569146195
827,0.9958663962037614
828,0.9961013763404065
829,0.3905810984047424
830,0.23198374130846347
831,0.5250254533640667
832,0.23198374130846347
833,0.93564510056764
834,0.5261991073648091
835,0.8978739396785633
836,0.5201073318839963
837,0.23198374130846347
838,0.3956906480208191
839,0.3950658976424274
840,1.0
841,0.39619950666888126
842,0.23198374130846347
843,1.0
844,0.7709146217591492
845,0.23198374130846347
846,0.9149617917350611
847,0.23198374130846347
848,0.7549394079157349
849,0.3346688408607436
850,0.3941537757312446
851,0.9997030190976859
852,0.9999999990703632
853,0.2796534944583979
854,0.393377056352558
855,0.39396183228461334
856,0.9153412352970242
857,0.23198374130846347
858,0.23198374130846347
859,0.23198374130846347
860,0.23198374130846347
861,0.999999999994639
862,1.0
863,0.23198374130846347
864,0.28180623376487224
865,0.4201434471560397
866,0.23198374130846347
867,0.23198374130846347
868,0.981489606662422
869,0.28127357193692004
870,0.9999946588473863
871,0.9999478011920654
872,0.26634301991586173
873,0.23198374130846347
874,0.99999999946074
875,0.7083025289814018
876,0.9938812491413194
877,0.799365720370637
878,0.9600704838789229
879,0.7036215223540403
880,0.23198374130846347
881,0.23198374130846347
882,0.7017905928828485
883,0.985314798411304
884,0.999915563003865
885,0.704170769162036
886,0.3953799434780411
887,0.3330649014358568
888,0.5221847626209095
889,0.4914323458506835
890,0.2528560581291649
891,0.23198374130846347
892,0.9999575923821508
893,0.5196447482514422
894,0.23198374130846347
895,0.9999999999999973
896,0.3120766062039993
897,0.23198374130846347
898,0.23198374130846347
899,0.9914544544422954
900,0.9999999999999998
901,0.23198374130846347
902,0.9999999999996698
903,0.7983483305500655
904,0.9983005240378772
905,0.9996295699710114
906,0.23198374130846347
907,0.23198374130846347
908,0.3958802812806637
909,0.23198374130846347
910,0.23198374130846347
911,0.23198374130846347
912,0.23198374130846347
913,0.5756539954740442
914,0.3667843218626005
915,0.23198374130846347
916,0.23198374130846347
917,1.0
918,0.23198374130846347
919,0.9999999994645965
920,0.755452165990366
921,0.23198374130846347
922,0.23198374130846347
923,0.23198374130846347
924,0.33371631345406677
925,0.9999999546915272
926,0.23198374130846347
927,0.7080427332581385
928,0.23198374130846347
929,0.3931802347228549
930,0.280578214645839
931,0.23198374130846347
932,0.6389276507736187
933,0.23198374130846347
934,0.23198374130846347
935,0.9757820528746561
936,0.3369231687115886
937,0.9999923370262028
938,0.2821221256038396
939,0.23198374130846347
940,0.3942239949874506
941,0.9405230122609507
942,0.6152889032758261
943,0.9999840312941096
944,0.23198374130846347
945,0.23198374130846347
946,0.5872982918273298
947,0.23198374130846347
948,0.3961669369274073
949,0.9999999999675884
950,0.9490134584237444
951,0.999999942326611
952,0.3963310236571147
953,0.9815934781300492
954,0.23198374130846347
955,0.39594744480775784
956,0.9999797723442708
957,0.23198374130846347
958,0.23198374130846347
959,0.9999999999999987
960,0.23198374130846347
961,0.9999999999999938
962,0.23198374130846347
963,0.8708099103113114
964,0.23198374130846347
965,0.5797371064990033
966,0.39473515911944584
967,0.23198374130846347
968,0.2820265080821863
969,0.28084349902462524
970,0.23198374130846347
971,0.23198374130846347
972,0.8788671092997288
973,0.9999915046264146
974,1.0
975,1.0
976,0.23198374130846347
977,0.9969698945908154
978,0.4498699826025287
979,0.5882531149755187
980,0.9998955288748096
981,0.28194916919507673
982,0.23198374130846347
983,0.9370714363860404
984,0.999999999999903
985,0.2807466396328565
986,0.23198374130846347
987,0.23198374130846347
988,1.0
989,0.23198374130846347
990,0.33381944366620614
991,0.33511620922098306
992,0.23198374130846347
993,0.3978864092395262
994,0.38129745458969394
995,0.3337882907112977
996,0.23198374130846347
997,0.7556903940879445
998,0.23198374130846347
999,0.43223031630214204
1000,0.23198374130846347
1001,0.3345911985281995
1002,0.35424757101491405
1003,0.9999996505751363
1004,0.23198374130846347
1005,0.9996014826857622
1006,0.9999999999841898
1007,0.23198374130846347
1008,0.23198374130846347
1009,0.9994913112399314
1010,0.3313399159627503
1011,0.9761228972769752
1012,0.5865836197936062
1013,0.23198374130846347
1014,0.9996754378626674
1015,0.23198374130846347
1016,0.23198374130846347
1017,0.23198374130846347
1018,0.2675995618913945
1019,0.9998937621808232
1020,0.895878098802094
1021,0.9998893728006819
1022,0.23198374130846347
1023,0.9819440382824245
1024,0.39520598387272243
1025,0.9985499014634825
1026,0.9999831205367472
1027,0.9999999188539953
1028,0.23198374130846347
1029,0.23198374130846347
1030,0.6502383877486996
1031,0.23198374130846347
1032,0.3347502880773229
1033,0.23198374130846347
1034,0.45621353742699033
1035,0.9974650817043457
1036,0.23198374130846347
1037,0.39340004507932497
1038,0.23198374130846347
1039,0.6129141824757285
1040,0.23198374130846347
1041,1.0
1042,0.581568657217334
1043,0.999982458997647
1044,0.23198374130846347
1045,0.23198374130846347
1046,0.5758971939981172
1047,0.23198374130846347
1048,0.23198374130846347
1049,0.9814988407533999
1050,0.23198374130846347
1051,0.999923418772028
1052,0.23198374130846347
1053,0.23198374130846347
1054,0.23198374130846347
1055,0.6486268609999494
1056,0.3959243774980721
1057,0.999997071786914
1058,0.23198374130846347
1059,0.2819699380815766
1060,0.8929295004162785
1061,1.0
1062,0.23198374130846347
1063,0.3962141668316052
1064,0.9999999999999902
1065,0.23198374130846347
1066,0.23198374130846347
1067,0.23198374130846347
1068,0.8379392289575573
1069,0.896897332584489
1070,0.33451831272116567
1071,0.23198374130846347
1072,0.6399904592229921
1073,0.99331369560686
1074,0.23198374130846347
1075,0.23198374130846347
1076,0.5105247635363094
1077,0.5830333722993875
1078,0.3612713573915487
1079,0.23198374130846347
1080,0.9094353375442242
1081,0.23198374130846347
1082,0.23198374130846347
1083,0.39525327493114265
1084,0.9999997245933497
1085,0.23198374130846347
1086,0.9856595626657413
1087,0.23198374130846347
1088,0.9957178538497832
1089,0.23198374130846347
1090,0.9996972489286938
1091,0.999973993227617
1092,0.7491355468480824
1093,0.23198374130846347
1094,0.23198374130846347
1095,0.9999999975304357
1096,0.23198374130846347
1097,0.9999971298735695
1098,0.7075491280775251
1099,0.23198374130846347
1100,0.23198374130846347
1101,0.23198374130846347
1102,0.23198374130846347
1103,0.23198374130846347
1104,0.23198374130846347
1105,0.5864610530126324
1106,0.6445163092564177
1107,0.9999937292114744
1108,0.23198374130846347
1109,1.0
1110,0.3324412060397456
1111,0.4603824283723633
1112,0.9890789675767832
1113,0.9484978446284242
1114,1.0
1115,0.23198374130846347
1116,0.39607159329816005
1117,0.9999999999999498
1118,0.23198374130846347
1119,0.23198374130846347
1120,0.9981818005132125
1121,0.39643589322854855
1122,0.9814088505352613
1123,0.33366932071997246
1124,0.23198374130846347
1125,0.23198374130846347
1126,0.23198374130846347
1127,0.9997246963889844
1128,0.23198374130846347
1129,0.9999999999886697
1130,0.23198374130846347
1131,0.23198374130846347
1132,0.700721576714098
1133,0.23198374130846347
1134,0.9993032813934746
1135,1.0
1136,0.9999985098025557
1137,0.967257348259812
1138,0.23198374130846347
1139,0.3963813303667442
1140,0.23198374130846347
1141,0.39613869107625044
1142,0.23198374130846347
1143,0.5827931085655383
1144,0.23198374130846347
1145,0.23198374130846347
1146,0.8851818782159303
1147,0.9335856568797051
1148,0.23198374130846347
1149,0.7991832959240398
1150,0.9981810536929038
1151,0.9998241752814951
1152,0.23198374130846347
1153,0.9999984740496046
1154,0.9857460359119788
1155,0.28121186580934454
1156,0.9179146382726534
1157,0.23198374130846347
1158,0.23198374130846347
1159,0.9969211149937568
1160,0.999986811146685
1161,0.23198374130846347
1162,0.2745594411658531
1163,0.9999999363833081
1164,0.23198374130846347
1165,0.9999860238389032
1166,0.9934129090157473
1167,0.23198374130846347
1168,0.33726197435819355
1169,0.23198374130846347
1170,0.23198374130846347
1171,0.23198374130846347
1172,0.23198374130846347
1173,0.39560557339816577
1174,0.39559140613046323
1175,0.23198374130846347
1176,0.23198374130846347
1177,0.23198374130846347
1178,0.23198374130846347
1179,0.9999824243258499
1180,0.23198374130846347
1181,0.33402496801022646
1182,0.23198374130846347
1183,0.5864568197592431
1184,0.3962474010949482
1185,0.23198374130846347
1186,0.9899585116473318
1187,0.9999951037292837
1188,0.33321803758800256
1189,0.2820432160031242
1190,0.9913611817446176
1191,0.23198374130846347
1192,0.23198374130846347
1193,0.9999999953583352
1194,0.3597247292741119
1195,0.82928671570959
1196,0.23198374130846347
1197,0.8005353020192499
1198,0.39298670016939863
1199,0.5697625917848644
1200,0.23198374130846347
1201,0.5880652925216908
1202,0.3959021839120668
1203,0.23198374130846347
1204,1.0
1205,1.0
1206,0.23198374130846347
1207,0.23198374130846347
1208,0.9999999999968536
1209,0.28142140454940334
1210,0.25297530356053977
1211,0.3931802347228549
1212,0.23198374130846347
1213,0.23198374130846347
1214,0.23198374130846347
1215,0.23198374130846347
1216,0.28163356453341903
1217,0.23198374130846347
1218,0.23198374130846347
1219,0.7000004554598703
1220,0.6089418716176229
1221,0.23198374130846347
1222,0.23198374130846347
1223,0.9597687127093405
1224,0.23198374130846347
1225,0.8964624147148025
1226,0.7600829185975236
1227,0.9999999999994558
1228,0.5219042337564216
1229,0.9993579736855658
1230,0.9757204849782323
1231,0.8359046639326879
1232,0.9995169133684682
1233,0.23198374130846347
1234,0.3924476139594464
1235,0.8711946060965429
1236,0.23198374130846347
1237,0.3954040980880409
1238,0.2821511140736437
1239,0.3961853797794401
1240,0.38874855276716247
1241,0.520475604013118
1242,0.9999999999999962
1243,0.9999998674042101
1244,0.23198374130846347
1245,0.9976082112009037
1246,0.23198374130846347
1247,0.8925409165618199
1248,0.9998516024237094
1249,0.9845788258660666
1250,0.23198374130846347
1251,0.3346529011182046
1252,0.9997805083978966
1253,0.9999963684633284
1254,0.7563362867482288
1255,0.23198374130846347
1256,0.23198374130846347
1257,0.394457813095513
1258,0.3899422562203525
1259,0.23198374130846347
1260,0.3950658976424274
1261,0.2386842600210848
1262,0.23198374130846347
1263,0.8978375975027759
1264,0.23198374130846347
1265,0.8692526048472262
1266,0.9859063603439673
1267,0.9465313095168154
1268,0.23198374130846347
1269,0.23198374130846347
1270,0.23198374130846347
1271,0.23198374130846347
1272,0.9999993901924807
1273,0.23198374130846347
1274,0.23198374130846347
1275,0.23198374130846347
1276,0.23198374130846347
1277,0.9300671904943838
1278,0.9999994299129132
1279,0.23198374130846347
1280,0.28166604949529017
1281,0.23198374130846347
1282,0.3951894324655182
1283,0.23198374130846347
1284,0.23198374130846347
1285,0.4521497116525987
1286,0.39511421672160396
1287,0.23198374130846347
1288,0.5229441265311637
1289,0.8695043727306788
1290,0.8928376023309703
1291,1.0
1292,0.23198374130846347
1293,0.23198374130846347
1294,0.23198374130846347
1295,0.7048371856749045
1296,0.23198374130846347
1297,0.23198374130846347
1298,0.8134380583393827
1299,0.9999999193614592
1300,0.5842896400853806
1301,0.9982818428318522
1302,0.9340086512540439
1303,0.9999999999287803
1304,0.23198374130846347
1305,0.28068475439023505
1306,0.23198374130846347
1307,0.7888443145417374
1308,0.9999999999843998
1309,0.9593492069741677
1310,0.9948138429998489
1311,0.23198374130846347
1312,0.4595749939417937
1313,0.23198374130846347
1314,0.23198374130846347
1315,0.23198374130846347
1316,0.98923618214046
1317,0.9844244564669127
1318,0.7535736769435496
1319,0.9999999990200772
1320,0.23198374130846347
1321,0.3055265096966513
1322,0.23198374130846347
1323,0.23198374130846347
1324,0.23198374130846347
1325,0.23198374130846347
1326,0.9494586735853836
1327,0.9850095051671206
1328,0.23198374130846347
1329,0.23198374130846347
1330,0.23198374130846347
1331,0.23198374130846347
1332,0.3946064272997591
1333,0.23198374130846347
1334,0.23198374130846347
1335,0.23198374130846347
1336,0.23198374130846347
1337,0.9989127345193672
1338,0.3056601694606109
1339,0.23198374130846347
1340,0.39523789087771116
1341,0.9982328371827396
1342,0.39441700251070216
1343,0.39642983863577264
1344,0.23198374130846347
1345,0.7560706546925582
1346,0.23198374130846347
1347,0.23198374130846347
1348,0.9999992676356168
1349,0.23198374130846347
1350,0.23198374130846347
1351,0.7082662860546537
1352,0.460196863960982
1353,0.39089345121084307
1354,0.23198374130846347
1355,0.9998211688578503
1356,0.9998158935008625
1357,0.23198374130846347
1358,0.23198374130846347
1359,0.33268893088304474
1360,0.23198374130846347
1361,0.23198374130846347
1362,0.2191632134829687
1363,0.9998425713661117
1364,0.9177624597976293
1365,0.28217015902199244
1366,1.0
1367,0.39595138057195955
1368,0.3351481700923718
1369,0.23198374130846347
1370,0.4595232077988065
1371,0.39925691706784583
1372,0.5819224915620248
1373,0.5867986041775903
1374,0.9913676139462664
1375,0.8966913066646427
1376,0.3349174108914186
1377,0.23198374130846347
1378,0.3931538911511115
1379,0.23198374130846347
1380,0.3879733594193103
1381,0.23198374130846347
1382,0.9981890361740373
1383,0.8702622482483592
1384,0.957003398496958
1385,0.33464874604352246
1386,0.9999995075948664
1387,0.9999435085868055
1388,0.23198374130846347
1389,0.23198374130846347
1390,0.23198374130846347
1391,0.2798022468434163
1392,0.3963917898907504
1393,0.23198374130846347
1394,0.39182073777746246
1395,0.23198374130846347
1396,0.23198374130846347
1397,0.23198374130846347
1398,0.23198374130846347
1399,0.79846077171647
1400,0.23198374130846347
1401,0.5741887041195906
1402,0.23198374130846347
1403,0.9173865789614064
1404,0.999999999991602
1405,0.39448134171157895
1406,1.0
1407,0.5857402927802641
1408,0.23198374130846347
1409,0.23198374130846347
1410,0.23198374130846347
1411,1.0
1412,0.23198374130846347
1413,0.9999999873935609
1414,0.5075908904889789
1415,0.5875699001590052
1416,0.39402186046598
1417,0.9993208000425509
1418,0.9998911935413859
1419,0.2802551369295149
1420,0.9999712404215707
1421,0.23198374130846347
1422,0.9694933747754455
1423,0.9695269926835155
1424,0.395321617303669
1425,0.3839697293989538
1426,1.0
1427,0.4549803354907217
1428,0.515557678850412
1429,0.23198374130846347
1430,0.23198374130846347
1431,0.9821009892989799
1432,0.23198374130846347
1433,0.7545506399340062
1434,0.23198374130846347
1435,0.9998248381651789
1436,0.9999998104126391
1437,0.396075005521102
1438,0.9999992320074628
1439,0.7017875836918454
1440,0.9999993886059472
1441,0.23198374130846347
1442,0.8000966873415382
1443,0.9541039851694403
1444,0.5862183503837002
1445,0.9999999999795623
1446,0.23198374130846347
1447,0.23198374130846347
1448,0.28100844698274946
1449,0.9993677338492525
1450,0.23198374130846347
1451,0.3956492565638199
1452,0.23198374130846347
1453,0.3613483716559775
1454,0.23198374130846347
1455,0.23198374130846347
1456,0.9999971376671655
1457,0.3964976284271027
1458,0.23198374130846347
1459,0.3372573930491922
1460,0.23198374130846347
1461,0.5883750546145647
1462,0.23198374130846347
1463,1.0
1464,0.3949813354665605
1465,0.23198374130846347
1466,0.5883440108421712
1467,0.3382014745553498
1468,0.23198374130846347
1469,0.23198374130846347
1470,0.33211505126343954
1471,0.23198374130846347
1472,0.23198374130846347
1473,0.458038900570441
1474,0.23198374130846347
1475,0.46100604252632743
1476,0.23198374130846347
1477,0.23198374130846347
1478,0.604866752697597
1479,0.23198374130846347
1480,0.23198374130846347
1481,0.39575723795445183
1482,0.23198374130846347
1483,0.23198374130846347
1484,0.23198374130846347
1485,0.9999999999999978
1486,0.9999999999999936
1487,0.9581867748118924
1488,0.23198374130846347
1489,0.23198374130846347
1490,0.393572554858298
1491,0.9999989924044038
1492,0.23198374130846347
1493,0.4064440385535768
1494,0.5212620127156115
1495,0.7040707457586349
1496,0.5882663812300983
1497,0.868381372311134
1498,0.23198374130846347
1499,1.0
1500,0.23198374130846347
1501,0.9999993056673948
1502,0.23198374130846347
1503,0.23198374130846347
1504,0.9888071694688545
1505,0.834832663586174
1506,0.23198374130846347
1507,0.9999999988309352
1508,0.23198374130846347
1509,0.9496050920300028
1510,0.9999986907090587
1511,0.9660303117607661
1512,0.23198374130846347
1513,0.23198374130846347
1514,0.9999991765859885
1515,0.23198374130846347
1516,0.23198374130846347
1517,0.999999997316181
1518,0.23198374130846347
1519,0.7048949362238177
1520,0.33318044444361666
1521,0.23198374130846347
1522,0.9999364644496406
1523,0.9934276725792932
1524,0.5873129349055921
1525,0.9354142882052378
1526,0.7814006520118946
1527,0.33316109038494407
1528,0.3902321043384992
1529,0.23198374130846347
1530,0.23198374130846347
1531,0.23198374130846347
1532,0.23198374130846347
1533,0.23198374130846347
1534,0.7504173607756248
1535,0.23198374130846347
1536,0.3965161505412394
1537,0.8652550510651275
1538,0.9935755751161391
1539,0.23198374130846347
1540,0.4346803423009008
1541,0.2754961188961694
1542,0.23198374130846347
1543,0.755051321015417
1544,0.23198374130846347
1545,0.39593531007454164
1546,0.9998477464165242
1547,0.9788396849545593
1548,0.9999966285822712
1549,0.23198374130846347
1550,0.23198374130846347
1551,0.999999999934601
1552,0.9999999522381685
1553,0.23198374130846347
1554,0.9318274843000031
1555,0.9957940161530159
1556,0.9999998355612894
1557,0.23198374130846347
1558,0.5813771279831454
1559,0.8306062561766612
1560,0.8378209538206284
1561,0.33391985940163377
1562,0.23198374130846347
1563,0.23198374130846347
1564,0.23198374130846347
1565,0.643747583581109
1566,0.5862958858967448
1567,0.39389886137489843
1568,0.9999999999952427
1569,0.9130043064052218
1570,0.23198374130846347
1571,0.9933950701050724
1572,0.3852850075009768
1573,0.6739427956623535
1574,0.9998690047422961
1575,0.3946730205076633
1576,0.9998888562423023
1577,1.0
1578,0.23198374130846347
1579,0.38771967630382553
1580,0.23198374130846347
1581,0.9999999616159524
1582,0.9999999494188972
1583,0.4609137241384104
1584,0.23198374130846347
1585,0.9489023776029046
1586,0.9999944457776841
1587,0.7537913513065478
1588,0.23198374130846347
1589,0.9853359048394496
1590,0.39634803790541095
1591,0.23198374130846347
1592,0.23198374130846347
1593,0.9977550034565346
1594,0.8602295795686522
1595,0.39041157299099616
1596,0.39372704692588484
1597,0.23198374130846347
1598,0.8980238504030373
1599,0.3977616031123872
1600,0.4509030944995015
1601,0.6751067465682091
1602,0.39570834755396883
1603,1.0
1604,0.23198374130846347
1605,0.23198374130846347
1606,0.23198374130846347
1607,0.280296275123602
1608,0.9914338931428678
1609,0.5155199219571056
1610,0.6489007938773841
1611,0.23198374130846347
1612,0.23198374130846347
1613,0.5271400864476229
1614,0.5217080439154231
1615,0.972738321383803
1616,0.933880816820241
1617,0.23198374130846347
1618,0.9565181518572557
1619,0.23198374130846347
1620,0.6451294922724724
1621,0.9998142664120262
1622,0.9932438085114514
1623,0.9907547844296446
1624,0.5869154165556046
1625,0.23198374130846347
1626,0.39550132990017367
1627,0.8946858261762884
1628,0.39507087737115004
1629,0.999999988078145
1630,0.9755287174883399
1631,0.8014015512666733
1632,0.5218325806475195
1633,0.23198374130846347
1634,0.23198374130846347
1635,0.23198374130846347
1636,0.8862600100742299
1637,0.2811834927651939
1638,0.23198374130846347
1639,0.23198374130846347
1640,0.23198374130846347
1641,0.871247988582409
1642,0.23198374130846347
1643,0.9999838697664748
1644,0.9525965069157292
1645,0.9833588687396737
1646,0.23198374130846347
1647,0.23198374130846347
1648,0.3922862059136237
1649,1.0
1650,0.6748692465337389
1651,0.23198374130846347
1652,0.434607494704923
1653,0.23198374130846347
1654,0.3315593210956331
1655,0.5872344552089706
1656,0.26786522697604265
1657,0.23198374130846347
1658,0.9255703241409358
1659,0.9338633637373477
1660,0.7481352915995109
1661,0.6546783223430727
1662,0.3950289022355912
1663,0.23198374130846347
1664,0.9958609355825218
1665,0.5221590156619854
1666,0.5823177550126506
1667,0.39512809699287904
1668,0.7569650611424529
1669,0.5778639633458734
1670,0.9999999950047185
1671,0.23198374130846347
1672,0.5222687577012999
1673,0.23198374130846347
1674,0.8009486213346483
1675,0.9602354084163002
1676,0.9933159967140236
1677,0.23198374130846347
1678,0.39642164228190246
1679,0.337793755718885
1680,0.23198374130846347
1681,0.23198374130846347
1682,0.23198374130846347
1683,0.5871505917843932
1684,0.2821817693882896
1685,0.45725752384002893
1686,0.23198374130846347
1687,0.8669888228370145
1688,0.9999036805176558
1689,0.667380428814227
1690,0.9999999654013848
1691,0.98564238764523
1692,0.23198374130846347
1693,0.7522431299585913
1694,0.3343434479804173
1695,0.2814246485709262
1696,0.23198374130846347
1697,0.23198374130846347
1698,0.23198374130846347
1699,0.23198374130846347
1700,0.8709127508353958
1701,0.23198374130846347
1702,0.23198374130846347
1703,0.9959088961270286
1704,0.8976452365834129
1705,0.23198374130846347
1706,0.9696646056246939
1707,0.23198374130846347
1708,1.0
1709,0.28213565369731386
1710,0.8912258466448505
1711,0.9474774710762984
1712,0.8950781814706851
1713,0.7636286338304422
1714,0.999699702537029
1715,0.23198374130846347
1716,0.23198374130846347
1717,0.23198374130846347
1718,0.3905810984047424
1719,0.23198374130846347
1720,0.23198374130846347
1721,0.5199669300732571
1722,0.5839571219776549
1723,0.7024217226799424
1724,0.47963391222847834
1725,0.999937056754761
1726,0.9760720349372692
1727,0.23198374130846347
1728,1.0
1729,0.981788299212204
1730,0.9946320347080225
1731,0.38830125688921996
1732,0.36828029152680464
1733,0.395978223147115
1734,0.23198374130846347
1735,0.5876872083631302
1736,0.5854170412169649
1737,0.23198374130846347
1738,0.23198374130846347
1739,0.27786844650459674
1740,0.252604115829702
1741,0.39647036613730924
1742,0.3320959762620415
1743,0.23198374130846347
1744,0.3359165745182688
1745,0.9342229255523558
1746,0.23198374130846347
1747,0.9999989125427775
1748,0.23198374130846347
1749,0.9913878755548908
1750,0.9999999999909439
1751,0.39389886137489843
1752,0.9999518628657795
1753,0.9961025023939587
1754,0.9945279293008619
1755,0.9932733453880596
1756,0.23198374130846347
1757,0.2818195671181551
1758,0.9999999115905067
1759,0.5767381769233757
1760,0.2766784175326721
1761,0.23198374130846347
1762,0.23198374130846347
1763,0.9999992318423115
1764,0.23198374130846347
1765,0.9999938785915624
1766,0.3963692305686334
1767,0.47713994002765275
1768,0.9889463515410052
1769,0.23198374130846347
1770,0.23198374130846347
1771,0.9988856002221544
1772,0.23198374130846347
1773,0.99989449719981
1774,0.9852576468289116
1775,0.23198374130846347
1776,0.23198374130846347
1777,0.23198374130846347
1778,0.9999520731229592
1779,0.9999957964097689
1780,0.38610389375377785
1781,0.39182073777746246
1782,0.5582183388702967
1783,0.9999895011065202
1784,0.3299641557032692
1785,0.5856830869597539
1786,0.796008586183374
1787,0.23198374130846347
1788,0.9989065355904502
1789,0.9488050959275274
1790,0.6454840021464922
1791,0.6459258823486221
1792,0.9856179020274256
1793,0.970604502626462
1794,0.23198374130846347
1795,0.748770352841106
1796,0.23198374130846347
1797,0.23198374130846347
1798,1.0
1799,0.9911344525130572
1800,0.8410828568088792
1801,0.9180516395537249
1802,0.23198374130846347
1803,0.3913677962264211
1804,0.39366347336206037
1805,0.23198374130846347
1806,0.867646323519452
1807,0.3957600148832317
1808,0.23198374130846347
1809,0.5864983288628133
1810,0.23198374130846347
1811,0.3947123504306817
1812,0.23198374130846347
1813,0.3336016087962527
1814,0.3928657285997971
1815,0.3952221318185724
1816,0.9935220137713531
1817,0.9915203663072438
1818,0.7513777184879524
1819,0.23198374130846347
1820,0.33396626185947714
1821,0.9355179840669559
1822,0.3963049544847422
1823,0.9999249138027019
1824,0.23198374130846347
1825,0.3374057195960208
1826,0.23198374130846347
1827,0.23198374130846347
1828,0.5554368141555853
1829,0.9960283541083799
1830,0.23198374130846347
1831,0.23198374130846347
1832,0.23198374130846347
1833,0.9850735422193064
1834,0.23198374130846347
1835,0.23198374130846347
1836,0.3962241190940547
1837,0.37718172301006264
1838,0.23198374130846347
1839,0.5850676911658841
1840,0.3928020923106889
1841,0.9999976237001849
1842,0.3336248626226837
1843,0.23198374130846347
1844,0.23198374130846347
1845,0.23198374130846347
1846,0.3956669886364092
1847,0.9117195245245673
1848,0.23198374130846347
1849,0.7028924685629648
1850,0.3359940860827815
1851,0.23198374130846347
1852,0.23198374130846347
1853,0.393377056352558
1854,0.23198374130846347
1855,0.3977541315433052
1856,0.37293219189987764
1857,0.9979416071564188
1858,0.9977723222719747
1859,0.8405512651742398
1860,0.23198374130846347
1861,0.6084217029636609
1862,0.23198374130846347
1863,0.28136312860629664
1864,0.23198374130846347
1865,0.9999999673075028
1866,0.8849909743701526
1867,0.23198374130846347
1868,0.23198374130846347
1869,0.967176309301517
1870,0.4607323162027401
1871,0.380737511993563
1872,0.3846636938086585
1873,0.23198374130846347
1874,0.9999971526692861
1875,0.5880601680490463
1876,0.39464859524198825
1877,0.23198374130846347
1878,0.9999999999999214
1879,0.9965495187600395
1880,0.9999603901509546
1881,0.9996468486761084
1882,0.3951852297953524
1883,0.9181622348068945
1884,0.23198374130846347
1885,0.23198374130846347
1886,0.9958050037247826
1887,0.9448422416872894
1888,0.23198374130846347
1889,0.23198374130846347
1890,0.23198374130846347
1891,0.23198374130846347
1892,0.23198374130846347
1893,0.8530729442295458
1894,0.9891980919230676
1895,0.23198374130846347
1896,0.23198374130846347
1897,0.5322078993502589
1898,0.39566524759213323
1899,0.560117559674111
1900,0.23198374130846347
1901,0.28092338457085336
1902,0.23198374130846347
1903,0.23198374130846347
1904,0.23198374130846347
1905,0.23198374130846347
1906,0.23198374130846347
1907,0.28182087269626716
1908,0.8680012429624909
1909,0.23198374130846347
1910,0.23198374130846347
1911,0.23198374130846347
1912,0.9686625997649284
1913,1.0
1914,1.0
1915,0.2813141725675962
1916,0.23198374130846347
1917,0.9999983940035204
1918,0.9999999026286762
1919,0.23198374130846347
1920,0.3930157055510393
1921,0.999996257181244
1922,0.23198374130846347
1923,0.23198374130846347
1924,0.23198374130846347
1925,0.39649297665706096
1926,0.9999863385539917
1927,0.23198374130846347
1928,0.9962184446513995
1929,0.23198374130846347
1930,0.9957692534453284
1931,0.23198374130846347
1932,0.917586383324535
1933,0.9999997950370363
1934,0.23198374130846347
1935,0.9999999947738645
1936,0.23198374130846347
1937,0.9999972085085613
1938,0.9997035575243074
1939,0.23198374130846347
1940,0.9331669779644199
1941,0.2819404068887923
1942,0.23198374130846347
1943,0.7086535932321707
1944,0.8313690611362333
1945,0.2814970892491884
1946,0.9999999991117654
1947,0.23198374130846347
1948,0.3955111074282017
1949,1.0
1950,0.9999996217684873
1951,0.9999999238025892
1952,0.4587197900986854
1953,0.23198374130846347
1954,0.23198374130846347
1955,0.38874855276716247
1956,0.23198374130846347
1957,0.9999998163983812
1958,0.3351313658549266
1959,0.9602649018089193
1960,0.3938826333319207
1961,0.9355022131988087
1962,0.999766319121293
1963,0.9986021235298124
1964,0.25256413527858035
1965,0.23198374130846347
1966,0.23198374130846347
1967,0.28212620503765856
1968,0.5630765286565784
1969,0.23198374130846347
1970,0.39489890947055156
1971,0.5876692184522917
1972,0.9999999944495346
1973,0.9736090307181576
1974,0.23198374130846347
1975,0.9999999994003492
1976,0.23198374130846347
1977,0.23198374130846347
1978,0.23198374130846347
1979,0.23198374130846347
1980,0.39485431820972483
1981,0.9997656041606376
1982,0.23198374130846347
1983,0.39465680804553555
1984,0.23198374130846347
1985,0.5200977940514514
1986,0.6486268609999494
1987,0.9999944264951169
1988,0.2791835759164282
1989,0.2930905955723047
1990,0.8564003171033863
1991,0.23198374130846347
1992,0.3961328766098686
1993,0.23198374130846347
1994,0.9994663652077369
1995,0.8872740337564422
1996,0.23198374130846347
1997,0.28030965621966925
1998,0.23198374130846347
1999,0.23198374130846347
2000,0.23198374130846347
